ticker,field,value,unit,period,asOf,sourceLabel,sourceType,sourceUrl,sourceDocumentTitle,sourceLineItem,rawValue,rawUnit,conversionFormula,dataMode,productionApproved,reviewStatus,notes
FPT,totalDebt,14947.354,billion_vnd,2024,2024-12-31,manual_reviewed_financial_statement_2024,official_annual_report,https://fpt.com.vn,FPT 2024 Audited Consolidated Financial Statements,"Vay và nợ thuê tài chính ngắn hạn + Vay và nợ thuê tài chính dài hạn","14,947,353,988,398",vnd,raw_vnd / 1000000000,research_only,false,reviewed_candidate,"Interest-bearing debt only; liabilities not used"
FPT,eps,4944,vnd_per_share,2024,2024-12-31,manual_reviewed_financial_statement_2024,official_annual_report,https://fpt.com.vn,FPT 2024 Audited Consolidated Financial Statements,Lãi cơ bản trên cổ phiếu,4944,vnd,none,research_only,false,reviewed_candidate,"Basic EPS from audited consolidated FS"
FPT,sharesOutstanding,1471069183,shares,2024,2024-12-31,manual_reviewed_financial_statement_2024,official_annual_report,https://fpt.com.vn,FPT 2024 Annual Report,Số lượng cổ phiếu phổ thông đang lưu hành,"1,471,069,183",shares,none,research_only,false,reviewed_candidate,"Explicit share count from annual report"
MWG,totalDebt,27300.247,billion_vnd,2024,2024-12-31,manual_reviewed_financial_statement_2024,official_annual_report,https://ir.thegioididong.com,MWG 2024 Audited Consolidated Financial Statements,"Vay và nợ thuê tài chính ngắn hạn (dài hạn bằng 0)","27,300,246,721,779",vnd,raw_vnd / 1000000000,research_only,false,reviewed_candidate,"Interest-bearing debt only; liabilities not used"
MWG,eps,2546,vnd_per_share,2024,2024-12-31,manual_reviewed_financial_statement_2024,official_annual_report,https://ir.thegioididong.com,MWG 2024 Audited Consolidated Financial Statements,Lãi cơ bản trên cổ phiếu,2546,vnd,none,research_only,false,reviewed_candidate,"Basic EPS from audited consolidated FS"
MWG,sharesOutstanding,1454644497,shares,2024,2024-12-31,manual_reviewed_financial_statement_2024,official_annual_report,https://ir.thegioididong.com,MWG 2024 Annual Report,Số lượng cổ phiếu đang lưu hành,"1,454,644,497",shares,none,research_only,false,reviewed_candidate,"Explicit share count from annual report"
VNM,totalDebt,10059.066,billion_vnd,2024,2024-12-31,manual_reviewed_financial_statement_2024,official_annual_report,https://www.vinamilk.com.vn/vi/bao-cao-tai-chinh,VNM 2024 Audited Consolidated Financial Statements,"Vay ngắn hạn + Nợ thuê tài sản ngắn hạn + Vay dài hạn + Nợ thuê tài sản dài hạn","10,059,066,000,000",vnd,raw_vnd / 1000000000,research_only,false,reviewed_candidate,"Interest-bearing debt only; liabilities not used"
VNM,eps,4130,vnd_per_share,2024,2024-12-31,manual_reviewed_financial_statement_2024,official_annual_report,https://www.vinamilk.com.vn/vi/bao-cao-tai-chinh,VNM 2024 Audited Consolidated Financial Statements,Lãi cơ bản trên cổ phiếu,4130,vnd,none,research_only,false,reviewed_candidate,"Basic EPS from audited consolidated FS"
VNM,sharesOutstanding,2089955445,shares,2024,2024-12-31,manual_reviewed_financial_statement_2024,official_annual_report,https://www.vinamilk.com.vn/vi/quan-he-co-dong,VNM 2024 Investor Relations data,Số lượng cổ phiếu đang lưu hành,"2,089,955,445",shares,none,research_only,false,reviewed_candidate,"Explicit share count from official IR"
